Id,Name,SNR,Energy,Position,Type
1,Mafarana Clinic,46.975413583927185,13491.094520831362,"[-23.960285, 30.36935919999999, 7.0]",0
2,Benfarm Clinic,43.349223944363274,13171.387283567614,"[-23.9160157, 31.0370016, 7.0]",0
3,Evelyn Lekganyane Clinic,39.281418423323196,13729.11555434739,"[-23.9456275, 29.7983906, 7.0]",0
4,Evuxakeni Hospital,28.86861360264183,13362.184900794704,"[-23.3187641, 30.7288359, 7.0]",0
5,Lebaka Clinic,36.661965479561196,13171.698262303,"[-23.4620914, 30.36743209999999, 7.0]",0
6,Belleview Clinic,38.881515901295494,13192.67238176336,"[-23.4119083, 30.420875, 7.0]",0
7,Masakona Clinic,49.2030733765459,13316.370332338047,"[-23.2737484, 30.2442637, 7.0]",0
8,Loloka Clinic,45.183404940101305,13577.245015622175,"[-23.550548, 30.7948843, 7.0]",0
9,Maphalle Clinic,36.4050542747742,13688.940650685903,"[-23.4682557, 30.3117192, 10.0]",-1
10,Makuleke Clinic,28.566910604310063,13192.605563600542,"[-22.86522, 30.91454, 7.0]",0
11,Shivulani Clinic,26.360155205204823,13465.940293589736,"[-23.1417273, 30.701991, 10.0]",-1
12,Sehlale Clinic,39.20386910710262,13318.924318608779,"[-23.9983316, 29.8062633, 7.0]",0
13,Kgapane Clinic,35.870156993225685,13186.41995984143,"[-23.6404178, 30.2181252, 7.0]",0
14,lulekani clinic,39.6282514007449,12998.190075674895,"[-23.8644321, 31.0775968, 7.0]",0
15,xitlakati clinic,38.4073395489185,13299.184941274783,"[-23.6607816, 30.8811845, 7.0]",0
16,Dan Clinic,30.034186142108453,13474.34518491292,"[-23.9044161, 30.2717248, 7.0]",0
17,murhotso clinic,42.227855945303666,13257.889738330286,"[-24.5664297, 31.1439449, 7.0]",0
18,Shikhumba Clinic,34.0214079380977,13650.57018957631,"[-23.500227, 30.88105, 7.0]",0
19,Tzaneen Travel Clinic.,31.050133595032598,13360.761425199005,"[-23.825513, 30.158793, 7.0]",0
20,Mogoboya Clinic,21.917482455857762,13317.011804715148,"[-24.0133893, 30.1992568, 7.0]",0
21,Makahlule Clinic,41.88493996066106,13582.71639604992,"[-22.8922237, 30.9114657, 7.0]",0
22,Thomo Clinic,57.06006695426873,13208.02443873825,"[-23.2484469, 30.78841, 7.0]",0
23,Giyani Health Center,39.680913451799704,13187.074467282564,"[-23.312801, 30.7232505, 7.0]",0
24,Choice Clinic,38.14654820050244,13526.058511575422,"[-23.839309, 30.163576, 7.0]",0
25,Mariveni Clinic,31.243620235670953,13357.904721891153,"[-23.8874615, 30.3485402, 7.0]",0
26,Basani Clinic,44.72622876979233,13285.36238218134,"[-23.3690552, 30.5190201, 7.0]",0
27,Kremetart Clinic,50.749445124645405,13341.300136677532,"[-23.3120544, 30.6922971, 7.0]",0
28,medingen clinic,29.355382686981002,13381.296968811275,"[-23.6413454, 30.2425883, 7.0]",0
29,Dr Hugo Clinic,37.8686583575745,13190.493250918767,"[-23.6766473, 30.4213592, 7.0]",0
30,Letsitele Clinic,51.71793617745347,13592.960046974982,"[-23.8886492, 30.38366019999999, 7.0]",0
31,Relela Clinic,32.48782875156553,13334.303049401427,"[-23.67495199999999, 30.332161, 7.0]",0
32,Ratanang Clinic,46.97777218249358,13140.72628403042,"[-23.436165, 30.63496759999999, 7.0]",0
33,Mahale Clinic,39.81563806059317,13388.44351272864,"[-23.6947832, 30.9694544, 7.0]",0
34,Spec-Savers Phalaborwa,35.7860050906587,13597.577921639722,"[-23.950333, 31.135333, 7.0]",0
35,Tzaneen Medi-Clinic,50.222179258382795,13423.551091510835,"[-23.8226407, 30.1527959, 7.0]",0
36,Van Heerden Pharmacy Tzaneen,45.027993815639576,13690.044357294175,"[-23.8220548, 30.1571616, 7.0]",0
37,Mphambo Clinic,50.613025438942664,13252.137908265415,"[-23.08481159999999, 30.6710786, 7.0]",0
38,Duvhuledza clinic,40.126633008959004,13335.079749822324,"[-22.7565712, 30.78781129999999, 7.0]",0
39,Mulala Clinic Sanari,30.164062190777656,13644.642772218007,"[-22.4761119, 30.8771758, 10.0]",-1
40,Manenzhe Clinic,35.28528143255799,13258.507106562485,"[-22.46954969999999, 30.6812884, 7.0]",0
41,Malamulele Clinic,44.92276341222127,13450.367894864363,"[-23.0136997, 30.7015038, 7.0]",0
42,Mhlava Wellem Clinic,28.23877061463668,13275.455051234163,"[-23.2111304, 30.8600204, 7.0]",0
43,Vleifontein Clinic,47.6905186123148,13258.977382006273,"[-23.213499, 29.9918906, 7.0]",0
44,Mbokota Clinic,47.43180954205841,13218.101292378926,"[-23.1999918, 30.0993653, 7.0]",0
45,Zanghoma-Uhuru Clinic,31.90471031963242,13478.478076093465,"[-23.9114379, 30.3411695, 7.0]",0
46,OLIFANTSHOEK CLINIC,32.65621883640346,13537.32631859654,"[-23.3345068, 30.2749065, 7.0]",0
47,Nkurhi Clinic,39.881979576607435,13383.891410061702,"[-23.2138688, 30.5540447, 7.0]",0
48,Kheyi Clinic,53.101049248419685,13542.019709976432,"[-23.5797707, 30.8736463, 7.0]",0
49,Mediclinic Limpopo,46.44731551961216,13343.21019899774,"[-23.908231, 29.4645518, 7.0]",0
50,Hoedspruit Training Trust,60.17233072464109,13573.911639845051,"[-24.4037254, 30.7894536, 7.0]",0
51,Lambani Clinic,33.24503607996483,13311.59432567989,"[-22.7213869, 30.8315792, 7.0]",0
52,Msengi Clinic,39.14065323433792,13297.52221683404,"[-23.3455961, 30.3700773, 7.0]",0
53,Tshino Clinic,45.44083001918599,13391.613406951232,"[-23.1151765, 30.39847990000001, 7.0]",0
54,Mukhomi Clinic,51.5822171256067,13297.742359119276,"[-23.0719647, 30.5614827, 7.0]",0
55,Zava Clinic,35.361665496842676,13525.094130539661,"[-23.6293278, 30.7378688, 7.0]",0
56,Tshifudi Clinic,43.96881746257086,13103.43998999284,"[-22.8143967, 30.69845280000001, 7.0]",0
57,Mpheni Clinic,40.832726497248444,13417.396975220501,"[-23.13953769999999, 30.0710851, 7.0]",0
58,Laastehoop Clinic,36.77601187182928,13393.16210516632,"[-23.9845677, 29.64556709999999, 7.0]",0
59,Marie Stopes South Africa,32.879869446461534,13269.860001790776,"[-23.902337, 29.4513845, 7.0]",0
60,Mens Clinic International - Giyani,35.98455637279309,13237.120511914123,"[-23.309005, 30.686628, 7.0]",0
61,Dzumeri Health Centre,29.271338793933776,13445.295630616693,"[-23.5765642, 30.7089161, 10.0]",-1
62,Sekhiming Health Centre,59.717477760409864,13323.587718367944,"[-23.4303883, 30.56096629999999, 7.0]",0
63,Health Centre Clinic,44.94481090397322,13219.375404649323,"[-23.8867813, 30.293284, 7.0]",0
64,Hanyani Medical Centre Nkwinika TI,24.4997700074259,13386.747070230544,"[-23.886778, 30.291036, 7.0]",0
65,Grace Mogodeni Health Centre,21.61540865634184,13170.135315640806,"[-23.7165316, 30.4362924, 7.0]",0
66,Nkonkowa Health Centre,42.18523713839022,13333.349026679476,"[-23.8861565, 30.2930827, 7.0]",0
67,Tzaneen Medi-Clinic,40.11274927490867,13330.15220728373,"[-23.8226407, 30.1527959, 7.0]",0
68,Wayeni Health Centre,27.85450687762076,13400.894128880238,"[-23.2413116, 30.2189329, 7.0]",0
69,Mopani Medical Centre,60.33702030894518,13355.102744563032,"[-23.8298451, 30.1615068, 7.0]",0
70,Giyani Health Center,41.834086617319976,13353.885642414112,"[-23.312801, 30.7232505, 7.0]",0
71,Mokwakwaila Medical Centre,34.835783658085425,13337.3029700783,"[-23.5270932, 30.4249667, 7.0]",0
72,Evuxakeni Hospital,42.96261438365677,13404.461644532998,"[-23.3187641, 30.7288359, 7.0]",0
73,S a Federation for Mental Health,44.227299104627754,13475.376426896451,"[-23.83188, 30.15794, 7.0]",0
74,Belleview Clinic,39.265220812398475,13111.133360281563,"[-23.4119083, 30.420875, 7.0]",0
75,"GREENWORLD TZANEEN,LIMPOPO",33.66830948149529,13671.181998094473,"[-23.8270078, 30.1593714, 7.0]",0
76,Mafarana Clinic,25.715021452954296,13301.81629782112,"[-23.960285, 30.36935919999999, 7.0]",0
77,Themeli Medical Centre,32.24197036688734,13206.756761943006,"[-23.4289927, 30.3967995, 7.0]",0
78,Lulekani Community Health Centre,37.996667579143306,13394.831023164179,"[-23.863053, 31.08223599999999, 7.0]",0
79,Dr MBOMBI,32.24478977012611,13523.867046520856,"[-23.3088256, 30.68768579999999, 7.0]",0
80,Giyani Community Healthcare Centre,34.08286798464707,13427.423808736088,"[-23.3095572, 30.6914181, 7.0]",0
81,Van Heerden Pharmacy Tzaneen,32.917797266716256,13642.091534256675,"[-23.8220548, 30.1571616, 7.0]",0
82,Letaba Hospital,47.85746706142263,13757.689067556328,"[-23.8735483, 30.267554, 7.0]",0
83,Van Velden Hospital.,54.071368830974286,13336.605759931996,"[-23.83507, 30.16432, 7.0]",0
84,Kgapane Hospital,34.960138292520206,13216.156342461252,"[-23.6493398, 30.21710169999999, 7.0]",0
85,Evuxakeni Hospital,40.32588670826334,13350.108456382557,"[-23.3187641, 30.7288359, 7.0]",0
86,Elim Hospital In South Africa,50.14575646453568,13239.079717007151,"[-23.3116249, 30.692842, 7.0]",0
87,Nkhensani Hospital,36.308006776924174,13154.839903381358,"[-23.3181637, 30.7108651, 7.0]",0
88,Tzaneen Medi-Clinic,31.896088997391097,13355.55247375075,"[-23.8226407, 30.1527959, 7.0]",0
89,Maphutha L Malatjie Hospital - Dietetics Dept,44.54101698901474,13386.603506372494,"[-23.9249388, 31.036962, 7.0]",0
90,Sekororo Hospital.,64.22527897085745,13311.364670198001,"[-24.2531664, 30.4477608, 7.0]",0
91,Maphutha Malatji Hospital Pharmacy,41.831173284057044,13473.330435068587,"[-23.9260467, 31.0386515, 7.0]",0
92,Mhlava Wellem Clinic,37.49797290256795,13606.21943745019,"[-23.2111304, 30.8600204, 7.0]",0
93,DR C N Phatudi Hospital,39.70298089641641,13290.954661971955,"[-24.0265804, 30.280849, 7.0]",0
94,Shiluvana Hospital,28.054343155632576,13618.322400481515,"[-24.0426894, 30.2744425, 7.0]",0
95,Mopani Medical Centre,28.699838700576723,13085.575427107366,"[-23.8298451, 30.1615068, 7.0]",0
96,Consolidated Murchison Mine Hospital,48.529351005078865,13522.385375351614,"[-23.95067, 30.61155, 7.0]",0
97,Sekhiming Health Centre,59.86323471683214,13318.200549301964,"[-23.4303883, 30.56096629999999, 7.0]",0
98,Jj BRITZ ORT/PROT,38.714841904311584,13577.443398512218,"[-23.82054089999999, 30.15648770000001, 7.0]",0
99,Tintswalo Hospital,47.75773755158335,13286.578390915549,"[-24.5919362, 31.0603835, 7.0]",0
100,Matibidi Hospital,32.54625257057962,13569.413999126693,"[-24.588847, 30.7696022, 7.0]",0
101,Mankweng hospital,39.22032068546378,13169.764212958857,"[-23.8809483, 29.7258744, 7.0]",0
102,Mankweng Hospital,46.63700359804075,13286.047988322956,"[-23.8806797, 29.7259103, 7.0]",0
103,Malamulele Hospital,35.05223422638927,13249.910147244369,"[-22.9963668, 30.697213, 7.0]",0
104,Elim District Hospital,38.75890367767185,13429.908878264481,"[-23.1533756, 30.056596, 7.0]",0
105,Bungeni Health Centre,39.37465549154807,13453.502407082822,"[-23.2023873, 30.1979117, 7.0]",0
106,Mecklenburg Hospital,43.139104465684525,13177.862753688089,"[-24.3986038, 30.0800928, 7.0]",0
107,Netcare Hospital Polokwane,46.521008256420664,13013.259801657596,"[-23.9020206, 29.49343089999999, 7.0]",0
108,Tshilidzini Hospital,45.3285404970352,13205.424334622943,"[-22.995015, 30.4146151, 7.0]",0
109,Mediclinic,47.90457390187383,13391.61585542497,"[-22.9954147, 30.4804048, 7.0]",0
110,Dilokong Hospital,36.72082745951155,13655.564885732003,"[-24.6162262, 30.1717668, 7.0]",0
111,Mapulaneng Hospital,37.154531096556894,13515.376453866626,"[-24.844134, 31.055559, 7.0]",0
112,Siloam Hospital,37.11077976298276,13652.769856499379,"[-22.9015998, 30.1932447, 7.0]",0
113,Mediclinic,40.45322642000751,13470.472051025648,"[-23.9043782, 29.4645938, 7.0]",0
114,Mutale Health Center,34.89872781028895,13092.66761531236,"[-22.73625059999999, 30.5213928, 7.0]",0
115,Botlokwa Hospital,42.86680544466427,13487.498168131191,"[-23.4924887, 29.7427905, 7.0]",0
116,Tzaneen Medi-Clinic,33.03393761840541,13530.819428624003,"[-23.8226407, 30.1527959, 10.0]",-1
117,Mopani Medical Centre,34.910981675531836,13409.570900876,"[-23.8298451, 30.1615068, 7.0]",0
118,Hanyani Medical Centre Nkwinika TI,34.307707821520324,13638.009245814374,"[-23.886778, 30.291036, 7.0]",0
119,Mokwakwaila Medical Centre,25.616741503598497,13540.011612430519,"[-23.5270932, 30.4249667, 7.0]",0
120,Letaba Hospital,41.11423054778639,13480.149162795253,"[-23.8735483, 30.267554, 7.0]",0
121,Evuxakeni Hospital,31.609159626194973,13624.376695194718,"[-23.3187641, 30.7288359, 10.0]",-1
122,Jj BRITZ ORT/PROT,29.046233953230757,13193.78882546076,"[-23.82054089999999, 30.15648770000001, 7.0]",0
123,Cheapside medical centre,34.347299163454174,13730.328360205582,"[-23.000528, 30.6910409, 7.0]",0
124,Safari-Med Medical Practice,42.74611484710374,13540.680583762578,"[-24.3503661, 30.9578102, 7.0]",0
125,Themeli Medical Centre,46.23303663227772,13260.295230948352,"[-23.4289927, 30.3967995, 7.0]",0
126,Peacemed Medical Centre,25.86383626292072,13399.419684277205,"[-23.83055, 30.1591, 7.0]",0
127,Nkhensani Hospital,51.625734194371226,13518.993900461854,"[-23.3181637, 30.7108651, 7.0]",0
128,DR C N Phatudi Hospital,26.67872520438477,13316.181543291616,"[-24.0265804, 30.280849, 7.0]",0
129,Dr MBOMBI,49.89485207885991,13474.126005672304,"[-23.3088256, 30.68768579999999, 7.0]",0
130,Kgapane Hospital,31.124264982296545,13470.467603348727,"[-23.6493398, 30.21710169999999, 10.0]",-1
131,Maphutha Malatji Hospital Pharmacy,31.71687315558973,13339.385382737184,"[-23.9260467, 31.0386515, 7.0]",0
132,Spec-Savers Phalaborwa,29.664451719923637,13240.877377437115,"[-23.950333, 31.135333, 7.0]",0
133,Giyani Community Healthcare Centre,28.737443657897984,13546.078150887275,"[-23.3095572, 30.6914181, 7.0]",0
134,Tzaneen Police Station,42.15126159891126,13451.283710416328,"[-23.828211, 30.1621082, 7.0]",0
135,SAPS,66.58879326237262,13553.636984516475,"[-23.4123785, 30.1504366, 10.0]",-1
136,Maake Police Station (SAPS Lenyenye),42.7479649326001,13538.734753976803,"[-23.9733324, 30.27056349999999, 7.0]",0
137,South African Police Service,36.79669617396876,13272.031675188475,"[-23.64368, 30.22177, 7.0]",0
138,South African Police Service,43.16933081344457,13448.468152780213,"[-24.5970739, 31.0485007, 7.0]",0
139,South African Police Service,42.53179583750623,13311.31062550887,"[-22.7274129, 30.61423659999999, 7.0]",0
140,Hoedspruit Police Station,31.275994667734725,13338.209758662008,"[-24.3535422, 30.9512792, 7.0]",0
141,SAPS - Mutale,47.68243678605923,13444.476835812517,"[-22.7352494, 30.5231366, 7.0]",0
142,Malamulele SAPS,31.3241490494994,13383.881918331792,"[-23.0044975, 30.68651499999999, 7.0]",0
143,Mankweng Police Station,52.30360514318787,13506.056299493517,"[-23.88492429999999, 29.7268045, 7.0]",0
144,Vuwani Police Station,34.579203920143726,13385.280274257655,"[-23.129688, 30.4209783, 7.0]",0
145,South African Police Services,48.81017337405172,13629.723179318189,"[-24.6791144, 30.3300796, 10.0]",-1
146,Tshaulu Police Station,51.838035815240325,13189.679775857825,"[-22.8033429, 30.7477713, 7.0]",0
147,SAPS Supply Chain Management,38.11523576745046,12971.886818514453,"[-23.9004029, 29.451789, 7.0]",0
148,South African Police Service,47.44915481533119,13433.981819684832,"[-23.9130703, 29.4547628, 10.0]",-1
149,SAPS,41.41540602126585,13370.391863054238,"[-23.0970676, 29.7416585, 7.0]",0
150,SAPS Seshego,27.375820764939448,13708.008455321271,"[-23.85393149999999, 29.3828394, 7.0]",0
151,Greater Tzaneen Municipality,28.059433199126687,13388.306256917891,"[-23.8294599, 30.1584977, 10.0]",-1
152,SAPS,50.55743417010695,13393.738018802323,"[-23.6442096, 30.2226082, 7.0]",0
153,Maake Police Station (SAPS Lenyenye),26.453255282801603,13252.12419743787,"[-23.9733324, 30.27056349999999, 7.0]",0
154,Tzaneen Police Station,37.681741759502316,13386.069208349836,"[-23.828211, 30.1621082, 7.0]",0
155,SAPS,33.12942786424631,13697.320766231374,"[-23.4123785, 30.1504366, 7.0]",0
156,Giyani SAPS,38.16038319284139,13505.989408017283,"[-23.3132697, 30.71595889999999, 7.0]",0
157,South African Police Service,36.378558351000926,13214.774663138445,"[-24.5970739, 31.0485007, 7.0]",0
158,Malamulele SAPS,54.4919613066727,13290.192623367437,"[-23.0044975, 30.68651499999999, 7.0]",0
159,Saps - Haenertsburg,48.51614674560298,13281.62801497924,"[-23.9404964, 29.939676, 7.0]",0
160,Saps - Namakgale,40.82371445983556,13384.403551120431,"[-23.9327276, 31.0279023, 7.0]",0
161,SAPS - Mutale,50.33521706810191,13186.99701339942,"[-22.7352494, 30.5231366, 7.0]",0
162,saps levubu,40.17782939434151,13311.757375901847,"[-23.0800993, 30.2552575, 7.0]",0
163,Saps - Phalaborwa,56.5380233149581,13379.212082165086,"[-23.95227719999999, 31.136705, 7.0]",0
164,Magisterial Court - Greater Tzaneen Rural,42.680161732178625,13419.299971538478,"[-23.8531999, 30.29606, 7.0]",0
165,Magisterial Court - Greater Giyani Rural,39.48633825647504,13415.851812301367,"[-23.41904, 30.67948, 10.0]",-1
166,Lenyenye Magistrate Court (Previously Naphuno),43.92358150934072,13349.564261183474,"[-23.9733451, 30.2702552, 7.0]",0
167,Magistrate Court - Giyani,43.38758432029902,13743.897213317636,"[-23.31219859999999, 30.694588, 10.0]",-1
168,Magistrate Court Tzaneen,39.4306282363505,13366.100902177712,"[-23.8272556, 30.1610758, 7.0]",0
169,Magisterial Court - Tzaneen,61.33028234759204,13429.511406271384,"[-23.86025, 30.15722, 7.0]",0
170,Magisterial Court - Phalaborwa,33.34392343921823,13469.21980437763,"[-23.9499299, 31.13807, 7.0]",0
171,Magisterial Court - Duiwelskloof,40.19775377296077,13475.949836435015,"[-23.6585, 30.19142, 7.0]",0
172,Nkowankowa Court,35.72382839925844,13614.813855738656,"[-23.8876216, 30.2836683, 7.0]",0
173,Magisterial Court - NP343 Rural,33.43817993104134,13425.343343314675,"[-22.9726599, 30.7861, 7.0]",0
174,Limpopo Division of the High Court,36.0356039285709,13462.53945709097,"[-23.9131463, 29.4576395, 7.0]",0
175,Mankweng Magistrate Office,35.22964589576089,13313.575609845428,"[-23.8818186, 29.7018948, 7.0]",0
176,Magisterial Court - Bushbuckridge Rural,32.18168388310992,13274.311024657516,"[-24.74596, 31.19992, 7.0]",0
177,Magisterial Court - Mutale Rural,32.85833485428009,13263.498577659231,"[-22.5963, 30.6414099, 7.0]",0
178,Moshate Mothapo,55.24363593323836,13292.612576634385,"[-23.9581758, 29.7024393, 7.0]",0
179,Correctional Services,35.31482202958717,13378.752648641334,"[-23.826459, 30.1426069, 7.0]",0
180,Correctional Services,41.67554008628122,12931.78827758181,"[-23.0365832, 29.90520380000001, 7.0]",0
181,Polokwane Correctional Services Clinic,45.46607795433975,13372.089797062412,"[-23.92143799999999, 29.454944, 7.0]",0
182,Correctional Services,39.065563798207755,13387.099214814125,"[-23.909181, 29.452595, 10.0]",-1
183,Matatshe Prison,42.90739161517194,13312.04981925556,"[-22.8944172, 30.5312024, 7.0]",0
184,Correctional Services,40.23119091163696,13335.63898636594,"[-22.9717943, 30.4428064, 7.0]",0
185,Tzaneen Traffic Department,41.260492427609066,13560.695906082805,"[-23.8581682, 30.165699, 7.0]",0
186,Giyani Traffic Testing Station,41.6570243210866,13584.577931710366,"[-23.3166603, 30.7151053, 7.0]",0
187,Greater Tzaneen Municipality,48.88359293022619,13217.606050755689,"[-23.8294599, 30.1584977, 7.0]",0
188,Hoedspruit Police Station,29.738432882507077,13561.024791752803,"[-24.3535422, 30.9512792, 7.0]",0
189,Department of Home Affairs Office - Phalaborwa,41.431497134186465,13414.22223819087,"[-23.9547722, 31.1291056, 7.0]",0
190,Mopani District Office,42.218663917157734,13145.713850503349,"[-23.31309329999999, 30.7102542, 7.0]",0
191,Malamulele Traffic Department,33.37166554047669,13210.48133826619,"[-23.003459, 30.6870447, 7.0]",0
192,Vuwani Department of Traffic Testing Station,44.601424742978324,13422.352520727589,"[-23.1302527, 30.4183084, 7.0]",0
193,Thohoyandou Traffic Department,22.3918269528254,13281.25583422075,"[-22.9711022, 30.4952564, 7.0]",0
194,Sibasa Traffic Department,33.230489353627235,13281.332675976724,"[-22.9440304, 30.4724097, 7.0]",0
195,Department of Home Affairs Office - Tzaneen,39.984665783818734,13506.20799678108,"[-23.8257768, 30.1617866, 7.0]",0
196,Mankoeng High School,42.521638603272805,13532.422556918167,"[-23.87782, 29.82058, 7.0]",0
197,Marobathotha High School,48.80760596958211,13282.422969415366,"[-23.9333346, 29.7953976, 7.0]",0
198,Makgoka High School,34.93251222914185,13314.370380428554,"[-23.94715, 29.7908, 7.0]",0
199,Doasho High School,56.12189194223747,13847.702952097823,"[-23.95402, 29.80405, 7.0]",0
200,Mokwatedi Secondary School,42.49486549890107,13460.77814263332,"[-23.97447, 29.79585, 7.0]",0
201,Makgopele High School,39.6531874611763,13088.602700303107,"[-23.4290564, 30.5604126, 7.0]",0
202,Phangasasa Senior Secondary School,38.44281223219713,13484.905743231733,"[-23.9869999, 30.33357, 7.0]",0
203,Risinga High School,46.160824621141295,13899.896652074856,"[-23.3056275, 30.71922169999999, 7.0]",0
204,Daktari Bush School & Wildlife Orphanage,51.47417589186315,13431.375287334453,"[-24.218279, 30.670716, 7.0]",0
205,Southern Cross Schools.,55.37549475169252,13262.701584301105,"[-24.3602282, 30.94752609999999, 7.0]",0
206,Craighead Primary School,35.133305781804424,13319.383219741881,"[-23.97422, 30.16462, 7.0]",0
207,Ramotshinyadi Secondary School,30.5623668420441,13371.004575159826,"[-23.621708, 30.5949809, 7.0]",0
208,Educare Primary School,46.068536427233695,13506.110039734289,"[-23.87283, 29.995, 7.0]",0
209,Mohlaba Primary School,54.563855583683946,13355.361173561487,"[-23.9337257, 30.2831316, 7.0]",0
210,Nwamavimbi Secondary School,35.80384060690551,13325.073758263972,"[-23.379809, 30.3567738, 7.0]",0
211,Nwajaheni Primary School,39.06822780817334,13344.663367514506,"[-23.74937, 30.41232, 7.0]",0
212,Mhangweni Primary School,31.75842344654094,13542.345930232264,"[-23.97317, 30.319, 7.0]",0
213,Khutjwana Primary School,39.082585901510384,13462.186334378022,"[-23.9256, 30.22408, 7.0]",0
214,Haenertburg Primary School,28.19113466385835,13325.852893382018,"[-23.94659, 29.94429, 7.0]",0
215,Mushiyani Primary School,53.63924224585519,13500.086595042183,"[-23.6161499, 30.90377, 7.0]",0
216,Matiyani Primary School,35.23825610362656,13377.010061321029,"[-22.74345, 30.97875, 7.0]",0
217,Kolobetona Secondary School,30.814968291484632,13409.626366772969,"[-23.4233999, 30.20802, 7.0]",0
218,Taulome Primary School,28.157319392098973,13351.148379418824,"[-23.51933, 30.56518, 7.0]",0
219,Nakampe Primary School,46.16085849940038,13555.823583875683,"[-23.3915, 30.46003000000001, 7.0]",0
220,Malubana Primary School,51.48681052963156,13405.838850298354,"[-23.7249999, 30.49133, 10.0]",-1
221,Vallambrosa Primary School,29.558091104628392,13219.086433430659,"[-23.6119999, 30.58392, 7.0]",0
222,Makahlule Primary School,58.24900512987588,13242.468668064043,"[-22.8908999, 30.90011999999999, 7.0]",0
223,Yingisani Primary School,29.39256265018653,13140.840959952704,"[-23.8721392, 30.2604849, 7.0]",0
224,Tanani Primary School,32.28388611440264,13178.92439994158,"[-23.30718, 30.77038, 7.0]",0
225,Senopelwa Primary School,41.369082904442394,13395.067132123891,"[-23.5608699, 30.36668000000001, 7.0]",0
226,Mabunda Primary School,45.810722546530634,13630.183029429867,"[-23.56157, 31.04502, 10.0]",-1
227,Mamokgadi Primary School,31.166250915303713,13553.22695378034,"[-23.4258299, 30.45447, 7.0]",0
228,Platland Primary School,34.84026886030876,13648.271299606917,"[-23.61002, 30.18843, 7.0]",0
229,Mlunghisi Primary School,45.554296955171814,13376.523415188865,"[-23.9438299, 30.41635, 7.0]",0
230,Phatima Primary School,33.81706758452536,13182.313797461804,"[-23.1164199, 30.89868, 7.0]",0
231,Kingfisher Private School,42.31326186672501,13286.538479816409,"[-23.951738, 31.14245, 7.0]",0
232,Gumbu Junior Secondary School,41.494274692053246,13355.37121483166,"[-22.3596699, 30.7935299, 7.0]",0
233,Kheodi High School,39.201460009401686,13261.947417375286,"[-23.42735, 30.39833, 7.0]",0
234,Northampton Primary School,35.523818916286025,13329.01316760365,"[-23.46632, 30.52812, 7.0]",0
235,Bolotswi Secondary School,63.248406579812844,13607.369709904558,"[-23.4919799, 30.47197, 7.0]",0
236,Nyumbani High School,24.40944342272736,13409.056478313778,"[-23.40173, 30.69352, 7.0]",0
237,Mokoto High School,33.10416407512376,13161.800369074022,"[-23.5168699, 30.61417, 7.0]",0
238,Mtititi Secondary School,37.31430683306408,13708.459917404833,"[-23.1058299, 30.88583, 7.0]",0
239,Nkomo Primary School,34.41162744625895,13504.165964962296,"[-23.40372, 30.78392999999999, 7.0]",0
240,Jack Mashamba Primary School,24.489958016614636,13227.724541101396,"[-23.94682, 30.39712, 7.0]",0
241,Seagotle Secondary School,40.01183725791677,13618.874952595548,"[-24.2240499, 30.41849999999999, 7.0]",0
242,Leseding Primary School,29.56137943232535,13568.752923242104,"[-23.9060199, 30.68189, 7.0]",0
243,Hasani Mninginisi Secondary School,52.504863724745384,13106.955018764462,"[-23.1599952, 30.801001, 7.0]",0
244,Gwambeni High School,39.97448490118663,13441.102025834034,"[-23.6534999, 30.48548000000001, 7.0]",0
245,Tshikundamalema Secondary School,38.67809128737188,13395.169635179096,"[-22.4167299, 30.79457, 7.0]",0
246,Sefolwe Primary School,45.44368195317475,13287.792604054383,"[-23.6500199, 30.31057, 7.0]",0
247,Serurubele Secondary School,46.49960075452037,13387.89516541291,"[-23.94865, 30.22, 7.0]",0
248,Rama Secondary School,43.685950495027605,13377.543055329077,"[-23.49438, 30.5213, 7.0]",0
249,Mamosala Senior Secondary School,33.35894854565667,13207.551269853857,"[-24.10867, 30.4735, 7.0]",0
250,Ramaolwane Secondary School,45.7233738847267,13325.180744301382,"[-23.49598, 30.40665, 7.0]",0
251,Tsaneng Combine Junior Secondary School,47.63086131658144,13231.442883181502,"[-23.7425, 30.11735, 7.0]",0
252,Lephepane Primary School,37.525541377201954,13358.732644143107,"[-23.98633, 30.18333, 7.0]",0
253,Hetiseka Junior Secondary School,29.90202196789396,13363.449603635303,"[-23.7084999, 30.43366999999999, 7.0]",0
254,Manghezi Secondary School,37.303530352097006,13303.68527130323,"[-23.5213699, 30.96281999999999, 7.0]",0
255,Makgoka Secondary School,33.36432861937427,13334.102256941234,"[-23.9226426, 29.7946908, 7.0]",0
256,Mopani SE TVET College - Phalaborwa Campus,30.473618164494447,13357.788447876133,"[-23.9420969, 31.14144549999999, 7.0]",0
257,Sir Val Duncan Technical College nomthandazo,29.760146757110736,13549.906018487012,"[-23.9373676, 31.02818939999999, 7.0]",0
258,Letaba FET College Giyani Campus,32.48975224339971,13532.1857225298,"[-23.3162563, 30.7153534, 7.0]",0
259,Stanford Business College,36.04350939013942,13354.871903631123,"[-23.82276, 30.15812, 7.0]",0
260,Boston City Campus & Business College - Tzaneen,31.22832280461297,13336.958908046396,"[-23.833123, 30.1623255, 7.0]",0
261,Giyani Education Multipurpose Centre(GEMPC),57.51339443118324,13639.58885314402,"[-23.2978079, 30.7257299, 7.0]",0
262,Leading Edge Flight School,36.19229086502373,13277.896797273821,"[-24.352078, 30.950216, 7.0]",0
263,Phalaborwa College,32.21536349724042,13438.434414650523,"[-23.9418224, 31.1361081, 7.0]",0
264,Giyani Campus Of Nursing College,44.150848226105445,13393.740752982694,"[-23.3072476, 30.7062535, 7.0]",0
265,Mopani SE TVET College - Corporate Office,38.80359634319552,13277.38510037426,"[-23.9419008, 31.1404314, 7.0]",0
266,Stanford Lake College,35.6589898058576,13731.70417953059,"[-23.910281, 29.973278, 10.0]",-1
267,Ehlanzeni TVET College - Mapulaneng Campus,39.56474146633538,13549.966635363795,"[-24.600599, 31.0723096, 7.0]",0
268,Meridian College Phalaborwa C C,44.88259608474103,13443.332381896611,"[-23.9529825, 31.1388406, 7.0]",0
269,Southern Cross Schools.,53.33193035864141,13108.65991107368,"[-24.3602282, 30.94752609999999, 7.0]",0
270,Hoedspruit Independent College,36.527700116481746,13469.406498348853,"[-24.5755261, 31.0382532, 7.0]",0
271,"Mashamba Campus, Vhembe TVET College",29.93086982441012,13333.193860064697,"[-23.2399142, 30.1244309, 7.0]",0
272,Strausburg College,25.329013278281725,13525.540842848724,"[-23.9450481, 31.08211670000001, 7.0]",0
273,Campfire Academy (Learn ~ Understand ~ Inspire),38.81362651549116,13440.954085318614,"[-24.218505, 30.886523, 7.0]",0
274,Southern African Wildlife College,50.160231731075164,13205.386822510205,"[-24.5417534, 31.3345936, 7.0]",0
275,eco ranger academy,38.873490559665804,13433.331162303852,"[-24.463246, 31.1127115, 7.0]",0
276,"Shingwedzi Campus, Vhembe TVET College",31.23494863099138,13336.691290189794,"[-23.0130307, 30.7157504, 7.0]",0
277,Flying High FET College,46.336719713272586,13505.760461945589,"[-23.5263641, 30.42236729999999, 7.0]",0
278,Lowveld Academy,55.544571762918615,13133.680744198748,"[-24.3487241, 30.9565222, 7.0]",0
279,Selati Hospitality Training Academy,50.646292386063415,13248.69370147003,"[-23.9447625, 31.1295676, 7.0]",0
280,Nazarene Christian Academy,45.31428297931137,13492.653893967434,"[-23.8269091, 30.1952714, 7.0]",0
281,BUSHVELD BETHEL CHRISTIAN ACADEMY,28.098977565747795,13203.165492183796,"[-23.937145, 31.139678, 7.0]",0
282,Eco Ranger Academy,32.531707183340494,13210.441170713762,"[-24.5150911, 31.0570074, 7.0]",0
283,Harvesters Theological Seminary,44.14325834596551,13389.527594305651,"[-23.0149544, 30.7033395, 7.0]",0
284,Avuxeni Computer Academy,35.803788724930044,13671.314168594039,"[-23.97775889999999, 30.28828399999999, 7.0]",0
285,Warriors,32.96239617170616,13469.137007305337,"[-23.8673308, 30.0078467, 7.0]",0
286,Madzivhandila College of Agriculture,35.60040856013958,13548.369123763474,"[-22.9870197, 30.5508497, 7.0]",0
287,Mopani South East Fet,29.61473359473277,13523.658987976827,"[-23.9430647, 31.1417844, 7.0]",0
288,"Tshisimani Campus, Vhembe TVET College",35.799405156498764,13360.353265472919,"[-23.0553523, 30.30883979999999, 7.0]",0
289,Capricorn College for FET,60.501094965291124,13414.790510715246,"[-23.9175241, 29.453796, 7.0]",0
290,Boston City Campus and Business College,22.846749179562398,13309.7147690577,"[-23.92026, 29.4553, 7.0]",0
291,Calvin College,31.0593161037583,13580.387044078547,"[-24.6661786, 30.3108458, 7.0]",0
292,Southern Cross Schools.,36.453175382387705,13138.486807965324,"[-24.3602282, 30.94752609999999, 7.0]",0
293,Refentse Primary School,36.075059194259,13424.10837427279,"[-23.9377316, 31.0200702, 7.0]",0
294,Damelin - Tzaneen,45.49517285282537,13580.164759351896,"[-23.8333099, 30.16239999999999, 7.0]",0
295,Makhosani Primary School,38.309668937229254,13333.350613297414,"[-23.2645109, 30.38477179999999, 7.0]",0
296,Modjadi Teachers Training College,28.28028256565269,13293.009198729565,"[-23.65167, 30.22194, 7.0]",0
297,Stanford Business College,27.089165925641158,13456.319380862798,"[-23.82276, 30.15812, 7.0]",0
298,Mopani SE TVET College - Phalaborwa Campus,40.09306776855201,13469.165542544655,"[-23.9420969, 31.14144549999999, 7.0]",0
299,University of Limpopo,39.24925964648416,13446.753657339817,"[-23.8888188, 29.73855, 7.0]",0
300,Gate One,31.83629155353345,13519.339790428263,"[-23.88078059999999, 29.7385365, 7.0]",0
301,Gate Two - Turfloop Campus,29.05117508114169,13422.570555407414,"[-23.8869462, 29.7343522, 7.0]",0
302,Gate Three,48.94001299050751,13490.357302674767,"[-23.8925377, 29.7336978, 7.0]",0
303,University of Limpopo Turfloop Biochem Microbio and Biotech,38.16583098692114,13567.323713049165,"[-23.8718779, 29.7339171, 7.0]",0
304,University of Limpopo - Turfloop Campus,37.46189679831957,13379.718056696864,"[-23.8826204, 29.7171596, 7.0]",0
305,University of Limpopo - Facility of Science & Agriculture,32.810650047796145,13551.183413230528,"[-23.8848118, 29.7138252, 7.0]",0
306,University of Venda,32.43793731368644,13348.37371031485,"[-22.9761353, 30.4464797, 7.0]",0
307,Letaba FET College Giyani Campus,40.158104367754625,13173.480977190135,"[-23.3162563, 30.7153534, 7.0]",0
308,university of Limpopo,30.459249092880636,13214.157446749417,"[-23.885523, 29.7266776, 7.0]",0
309,Giyani 1 Boxer Superstores,57.54932931650993,13335.668416580798,"[-23.3107087, 30.69511949999999, 7.0]",0
310,Checkers,37.56449750552827,13504.121376262048,"[-23.9487602, 31.1334677, 7.0]",0
311,Pick n Pay Hoedspruit,52.949193236938584,13359.694670730387,"[-24.3514854, 30.9585409, 7.0]",0
312,Tzaneen Boxer Superstores,49.986458096296204,13388.009701227662,"[-23.8280834, 30.1638284, 7.0]",0
313,Clicks Pharmacy - Giyani,22.389013245334088,13485.39350635337,"[-23.306148, 30.687281, 7.0]",0
314,Mopani Superspar,52.438739609294764,13501.18157229413,"[-23.3115495, 30.6938375, 7.0]",0
315,Pick n Pay Giyani,35.05216059422404,13294.736625946905,"[-23.310229, 30.693273, 7.0]",0
316,Giyani Build it,50.33016685081159,13577.612980880358,"[-23.3056782, 30.69165189999999, 7.0]",0
317,Shoprite Giyani,39.53331473689444,13336.997276155653,"[-23.314, 30.726, 7.0]",0
318,Game Tzaneen,51.19150245002885,13209.13181764102,"[-23.8271279, 30.1637352, 7.0]",0
319,Pick n Pay Phalaborwa,36.67797126990951,13451.448671648399,"[-23.950523, 31.135381, 7.0]",0
320,Game Phalaborwa,38.37890014187386,13416.361403129213,"[-23.9490748, 31.1322335, 10.0]",-1
321,Tops @ Spar - Mopani,36.82718210348747,13480.628291866486,"[-23.3119139, 30.69377879999999, 7.0]",0
322,Pick n Pay Tzaneen,40.83645560370266,13042.43024229851,"[-23.826013, 30.16284, 7.0]",0
323,Shoprite,41.71975911549489,13331.670613571936,"[-23.950133, 31.1335798, 7.0]",0
324,TZANEEN CASH & CARRY,32.75034824573117,13556.039655399822,"[-23.8282967, 30.165002, 7.0]",0
325,P M E Supplies CC,25.28995306515846,13212.39290469514,"[-23.9506124, 31.1324321, 7.0]",0
326,Checkers LiquorShop Tzaneen Lifestyle,48.69317870717022,13352.576541299373,"[-23.822519, 30.15694599999999, 7.0]",0
327,Spar - Duivelskloof,49.34307705673486,13258.2039992229,"[-23.6955603, 30.140968, 7.0]",0
328,Boulevard Cycles,40.313302252951615,13672.636585753029,"[-23.830134, 30.160736, 7.0]",0
329,P&L Hardware Modjadji.,34.936113004136914,13317.889737062013,"[-23.6564968, 30.2315587, 7.0]",0
330,Tzaneen Salvage Store,40.76744155755897,13251.74837579836,"[-23.8364661, 30.1758743, 7.0]",0
331,Godding & Godding,34.81371269707471,13344.5384471608,"[-24.467599, 30.879435, 7.0]",0
332,Camelia Florists,30.439830255960583,13319.654355846207,"[-23.81889, 30.15275, 7.0]",0
333,Lowveld Camp and Gas 4x4 Outdoor Shop,46.54074401666922,13495.968918943106,"[-24.35082, 30.95752, 7.0]",0
334,Forms Media Independent Africa Pty Limited,18.5212502626319,13261.14660250445,"[-23.830459, 30.171322, 8.0]",-1
335,Khaki Fever Work Wear,52.502703358053026,13541.982644369704,"[-24.3503304, 30.9572989, 7.0]",0
336,J & N Bike Shop,51.70414218604694,13291.30414998475,"[-23.9458244, 31.1349524, 7.0]",0
337,KAROSS Studio & Café,54.51840421670571,13376.332667821342,"[-23.7988733, 30.43615660000001, 7.0]",0
338,The Vape Guy,32.94469979192224,13315.880476428725,"[-23.83478, 30.15304, 7.0]",0
339,Nappy & Baby King,52.956609885943024,13456.648118181149,"[-23.8262452, 30.1602351, 7.0]",0
340,African Jacana,58.484860553403074,12952.143807529408,"[-23.8320456, 30.17332589999999, 7.0]",0
341,Morkels,35.171088830988054,13562.249267806676,"[-23.9482327, 31.13323179999999, 7.0]",0
342,Buco Giyani,37.43740584890601,13486.430208216027,"[-23.3053514, 30.6908015, 7.0]",0
343,The Pet Bar,48.51331447008105,13078.855453302438,"[-24.3523024, 30.9594724, 7.0]",0
344,Buco Hoedspruit,35.62148801261371,13057.253092993073,"[-24.350161, 30.949444, 7.0]",0
345,The Olive Tree,22.940479567325614,13690.707212949757,"[-23.8431439, 30.1458611, 10.0]",-1
346,Truworths,39.23771610246291,13455.222766385397,"[-23.947764, 31.136143, 7.0]",0
347,Morkels,30.872425242487928,13553.144706142646,"[-23.8252845, 30.1611398, 7.0]",0
348,Eskom Tzaneen,36.18812395918494,13578.79018943265,"[-23.8284463, 30.1601703, 7.0]",0
349,Shoprite Maake,37.11800752713553,13562.323834088627,"[-23.977537, 30.28884900000001, 7.0]",0
350,OK Sugar Hill Mini Market - Tzaneen,37.483361339294255,13540.277906872914,"[-23.82716, 30.14879, 7.0]",0
351,Usave Shoprite,33.58002093760663,13558.747347022465,"[-23.6961917, 30.14121, 7.0]",0
352,Ackermans,19.90012017002132,13503.92800953576,"[-23.8263687, 30.16346579999999, 7.0]",0
353,Ackermans,38.980260631034895,13204.607816524749,"[-23.3057416, 30.6874957, 7.0]",0
354,Ackermans,55.95104382270077,13390.97308162009,"[-23.82276, 30.15812, 7.0]",0
355,Giyani Top Tiles,44.36698359518601,13360.87706704587,"[-23.3116249, 30.692842, 7.0]",0
356,Phalaborwa Uitrusters,30.00309328594449,13567.013969339296,"[-23.9494813, 31.13640539999999, 7.0]",0
357,Heqlen Mica,42.222313029117736,13885.645613705963,"[-23.9466577, 31.1301654, 7.0]",0
358,Trappers Tzaneen,49.369609108805086,13541.331619843051,"[-23.8258924, 30.1620416, 7.0]",0
359,MTN Store - Tzaneen Crossing 16,34.83345731873524,13436.95575908931,"[-23.82949, 30.16135999999999, 7.0]",0
360,PEP Store,37.29408474174586,13214.365405570805,"[-23.307861, 30.689963, 7.0]",0
361,Spar,43.0192426370906,13435.270065435772,"[-23.94632, 31.1524252, 7.0]",0
362,Mhangela Tea Garden and Animal Touch Farm,45.16820694704496,13473.108939904632,"[-23.8189249, 30.30434180000001, 7.0]",0
363,Van Heerden Pharmacy Tzaneen,33.936538945534124,13215.550897040954,"[-23.8220548, 30.1571616, 7.0]",0
364,The Crazy Store,37.37774969475236,13628.30316473748,"[-24.351363, 30.957421, 10.0]",-1
365,The Crazy Store,49.093279989010234,13326.79082510562,"[-23.823175, 30.15634, 7.0]",0
366,MTN Store - Tzaneen Lifestyle Center,48.80024857210395,13739.292770382934,"[-23.8379328, 30.1535291, 7.0]",0
367,Checkers - Tzaneen Lifestyle Centre,34.92123835537722,13433.58265677486,"[-23.8223499, 30.1565643, 7.0]",0
368,PEP Store,38.30763461377776,13325.267669755389,"[-23.828478, 30.162481, 7.0]",0
369,Mopani Superspar,56.36562436852126,13545.1046978269,"[-23.3115495, 30.6938375, 7.0]",0
370,Tops @ Spar - Mopani,44.23918191368987,13566.819389903289,"[-23.3119139, 30.69377879999999, 7.0]",0
371,Spar - Duivelskloof,40.7219210551149,13274.763880220022,"[-23.6955603, 30.140968, 7.0]",0
372,Checkers LiquorShop Tzaneen Lifestyle,41.09404690132509,13375.593050110427,"[-23.822519, 30.15694599999999, 7.0]",0
373,Checkers LiquorShop,37.14715824094542,13257.209661999299,"[-23.9492905, 31.1327914, 7.0]",0
374,Boulevard Cycles,38.660583644802465,13400.994733880929,"[-23.830134, 30.160736, 7.0]",0
375,P&L Hardware Modjadji.,39.68186862320505,13277.460397619712,"[-23.6564968, 30.2315587, 7.0]",0
376,Tzaneen Salvage Store,31.29038627703128,13371.716147307272,"[-23.8364661, 30.1758743, 7.0]",0
377,Godding & Godding,44.90759760813855,13517.940437521182,"[-24.467599, 30.879435, 10.0]",-1
378,Camelia Florists,32.61522069930162,13252.228898438669,"[-23.81889, 30.15275, 7.0]",0
379,Lowveld Camp and Gas 4x4 Outdoor Shop,35.35868327642615,13400.888027863104,"[-24.35082, 30.95752, 7.0]",0
380,Pick 'N Pay Family Store - Phalaborwa,36.53811852808199,13458.202312425843,"[-23.9495523, 31.13511309999999, 7.0]",0
381,J & N Bike Shop,53.4047995347752,13470.615345225937,"[-23.9458244, 31.1349524, 7.0]",0
382,Forms Media Independent Africa Pty Limited,34.79594994420428,13399.847196039842,"[-23.830459, 30.171322, 7.0]",0
383,Khaki Fever Work Wear,46.92792177205962,13167.424066746675,"[-24.3503304, 30.9572989, 7.0]",0
384,KAROSS Studio & Café,36.56465028402801,13126.753941170684,"[-23.7988733, 30.43615660000001, 7.0]",0
385,The Vape Guy,43.012922440573796,13520.794780929285,"[-23.83478, 30.15304, 7.0]",0
386,Allesbeste,52.38116573499626,13610.558707493776,"[-23.80198459999999, 30.1215783, 7.0]",0
387,Nappy & Baby King,39.84007924932335,13444.311706641469,"[-23.8262452, 30.1602351, 7.0]",0
388,African Jacana,46.93134410716845,13210.387539979447,"[-23.8320456, 30.17332589999999, 7.0]",0
389,Giyani 1 Boxer Superstores,43.555128226224134,13513.205538351649,"[-23.3107087, 30.69511949999999, 7.0]",0
390,Pick n Pay Giyani,34.806102453431365,13084.364456942825,"[-23.310229, 30.693273, 7.0]",0
391,Pick n Pay Hoedspruit,42.52566144536477,13528.281037629438,"[-24.3514854, 30.9585409, 7.0]",0
392,Clicks Pharmacy - Giyani,49.66570810465563,13427.943630883645,"[-23.306148, 30.687281, 7.0]",0
393,Shoprite Giyani,37.0635371361826,13590.974379413461,"[-23.314, 30.726, 7.0]",0
394,Checkers - Tzaneen Lifestyle Centre,27.56628427662765,13215.754507181526,"[-23.8223499, 30.1565643, 7.0]",0
395,Game Tzaneen,23.384186941827853,13225.41564256128,"[-23.8271279, 30.1637352, 7.0]",0
396,Game Phalaborwa,51.069702356171625,13348.139550546139,"[-23.9490748, 31.1322335, 7.0]",0
397,Tzaneen Boxer Superstores,30.12921976161455,13094.382710726117,"[-23.8280834, 30.1638284, 7.0]",0
398,TZANEEN CASH & CARRY,44.48821000536266,13576.189967233311,"[-23.8282967, 30.165002, 7.0]",0
399,Shoprite LiquorShop,37.46759437111792,13432.823366668139,"[-23.950606, 31.133973, 7.0]",0
400,Shoprite Maake,43.77675007909115,13339.546703798502,"[-23.977537, 30.28884900000001, 7.0]",0
401,Shoprite Modjadji,28.863832547290535,13437.914943391324,"[-23.64733, 30.22033, 7.0]",0
402,Clicks Pharmacy- Tzaneen Centre,45.07500142189565,13291.6674825071,"[-23.8256, 30.1619, 7.0]",0
403,Foodzone Haenertsburg,37.04329404772054,13565.27569850397,"[-23.9421125, 29.9408304, 7.0]",0
404,Checkers,63.610121502794485,13194.260225216445,"[-23.9487602, 31.1334677, 7.0]",0
405,The Pet Bar,28.793707632147928,13586.666759357415,"[-24.3523024, 30.9594724, 7.0]",0
406,Barnetts,38.410686817496284,13567.257297630285,"[-23.3058649, 30.6871936, 7.0]",0
407,Morkels,39.41223848504627,13487.887510410497,"[-23.9482327, 31.13323179999999, 7.0]",0
408,Mr Price / MRP,44.03960492352712,13039.196218546094,"[-23.3111465, 30.695972, 7.0]",0
409,Mr Price Home Tzaneen,31.320385704741486,13324.104375462524,"[-23.8265761, 30.16320199999999, 7.0]",0
410,Mr Price Home Phalaborwa,43.07155399932083,13274.175893286429,"[-23.950066, 31.133, 7.0]",0
411,P M E Supplies CC,21.25281768578248,13344.722459994011,"[-23.9506124, 31.1324321, 7.0]",0
412,The Olive Tree,48.51693081812349,13183.192261535123,"[-23.8431439, 30.1458611, 7.0]",0
413,OK Sugar Hill Mini Market - Tzaneen,32.57476441856638,13073.884976134876,"[-23.82716, 30.14879, 7.0]",0
414,Buco Giyani,60.71438634182093,13499.669298586285,"[-23.3053514, 30.6908015, 7.0]",0
415,Vodacom Shop Tzaneen,36.8261348128258,13450.696211695718,"[-23.8256034, 30.1617013, 7.0]",0
416,Buco Hoedspruit,42.700266852759654,13277.342694818115,"[-24.350161, 30.949444, 7.0]",0
417,Vodacom Shop Giyani,34.15955389011881,13476.553119055861,"[-23.3072628, 30.706254, 10.0]",-1
418,Musica,45.18848363617253,13193.85768663829,"[-23.82276, 30.15812, 7.0]",0
419,Truworths,30.80879022437651,13271.659098737717,"[-23.947764, 31.136143, 7.0]",0
420,Heqlen Mica,52.678089288243015,13272.238666431858,"[-23.9466577, 31.1301654, 7.0]",0
421,Morkels,41.83351417028843,13198.235929054461,"[-23.8252845, 30.1611398, 7.0]",0
422,Expecta Motor & Tyre Services C C,57.15399530033211,13717.101482702097,"[-23.82614, 30.15832, 7.0]",0
423,Trappers Tzaneen,35.91629560604947,13431.402296599159,"[-23.8258924, 30.1620416, 7.0]",0
424,Clicks Pharmacy - Phalaborwa,55.17917374278418,13416.237427597851,"[-23.9504966, 31.1351171, 10.0]",-1
425,The Crazy Store,34.720144534019084,13284.080765042176,"[-24.351363, 30.957421, 7.0]",0
426,Exact Stores,45.94338896847398,13472.428765484903,"[-23.82276, 30.15812, 7.0]",0
427,Giyani Top Tiles,45.49697496417329,13264.327040582064,"[-23.3116249, 30.692842, 7.0]",0
428,The Crazy Store,38.82678169287734,13735.699672129243,"[-23.823175, 30.15634, 7.0]",0
429,Giyani Regional Mall,42.46334179702596,13518.13026554399,"[-23.313041, 30.696605, 7.0]",0
430,Mopani Super Spar Centre - Vukile,38.50681968073571,13300.830627595036,"[-23.311922, 30.6933868, 7.0]",0
431,Masingita Mall,47.0957203940708,13345.111718371547,"[-23.3102501, 30.69464950000001, 7.0]",0
432,Maake Plaza (Shopping Center),42.27853800597997,13456.593890592776,"[-23.9773747, 30.2888682, 10.0]",-1
433,Giyani Plaza Centre,47.66927581333099,13664.695136730043,"[-23.30952, 30.69282, 7.0]",0
434,Tzaneng Mall Centre,43.9132482826245,13483.332850393897,"[-23.82583, 30.1619, 7.0]",0
435,Eden Square Mall,30.599495691832608,13297.935903749232,"[-23.9510105, 31.1355298, 7.0]",0
436,Tzaneen Crossing Mall,38.2508342833183,13473.84501686042,"[-23.8301853, 30.1623296, 7.0]",0
437,Lenyenye Shopping Centre,47.44944248773144,13374.144450390451,"[-23.9725929, 30.2692761, 7.0]",0
438,Tzaneen Lifestyle Centre,34.79527803051122,13553.624540667119,"[-23.8224744, 30.1568968, 7.0]",0
439,Masingita Plaza,45.16040578439616,13316.6416881736,"[-23.306264, 30.686888, 7.0]",0
440,Nkowankwa Shoping Centre,42.06124839695266,13334.384784840322,"[-23.8877379, 30.2872309, 7.0]",0
441,Sanlam Centre - Phalaborwa,38.84323101535962,13491.485751560027,"[-23.94765, 31.13766, 7.0]",0
442,Bindzulani Shopping Centre,49.91876425755345,13031.61642796017,"[-23.895024, 30.2597213, 7.0]",0
443,Tygervalley Shopping Centre.,29.199266077149,13436.161041908897,"[-23.613148, 31.090834, 7.0]",0
444,The Hoedspruit Mall,46.406133769907576,13563.471663258637,"[-24.3513583, 30.9571981, 7.0]",0
445,Namakgale Crossing complex,44.987504151898705,13542.828030877736,"[-23.9277449, 31.0257732, 7.0]",0
446,Teyisi Shopping Centre,25.57323545226945,13346.384166459822,"[-23.2897804, 30.7117975, 7.0]",0
447,Oasis Entertainment Center,64.51969681174893,13249.126162944494,"[-23.8171493, 30.15828789999999, 7.0]",0
448,The Landy Shop,31.872511590633007,13341.970155328654,"[-24.3767364, 30.88619599999999, 7.0]",0
449,Boxer Centre,55.56254880782237,13668.872785175401,"[-23.8287351, 30.1636906, 7.0]",0
450,Orange Tree Furniture,28.58045117246959,13454.886937885805,"[-24.3555319, 30.9473705, 7.0]",0
451,Kham Avalante' Travel & Tours Shuttle Coaches,32.47328825865775,13320.18420756263,"[-23.8258699, 30.16116, 7.0]",0
452,Hornbill Enterprises,53.05245341034001,13235.33696915049,"[-24.4787455, 30.8842627, 7.0]",0
453,Nkuzana Shopping Centre (Proposed),35.31461631024135,13421.427053280764,"[-23.211568, 30.309836, 7.0]",0
454,Dunns Stores,30.404306577456058,13064.190747523495,"[-23.95108, 31.1342, 7.0]",0
455,Selokwe Shopping Centre,43.76329805851189,13343.210574084189,"[-23.2569917, 30.1048625, 7.0]",0
456,FNB Bank ATM,40.369133281241616,13333.8736248446,"[-23.82258, 30.15708000000001, 7.0]",0
457,Roots,40.17568331798921,13683.434719964509,"[-23.6448298, 30.2183548, 10.0]",-1
458,Thavhani Mall,22.4396708964945,13465.189057430722,"[-22.9838848, 30.46321, 7.0]",0
459,Acornhoek Mall,48.912572525174006,13301.68933019038,"[-24.6069299, 31.04127, 7.0]",0
460,Sasekisa Mini Shopping Centre,49.91099000317665,13125.48316979917,"[-23.2136124, 30.2454233, 7.0]",0
461,Malamulele Plaza,40.05957542074263,13512.652331494848,"[-22.9987035, 30.6928289, 7.0]",0
462,24 Degrees South,40.92575520360038,13481.055113205734,"[-24.467288, 30.87943599999999, 7.0]",0
463,Masingita Crossing Mall,47.21599117829391,13494.917546208775,"[-23.004358, 30.685601, 7.0]",0
464,Mala Plaza,29.44095875093,13320.996833173718,"[-23.00261, 30.69857, 7.0]",0
465,Laduma Hardware Malamulele,51.7944421969304,13563.344732702539,"[-23.0076262, 30.6869066, 7.0]",0
466,Paledi Mall,31.189158477230198,13465.964661155684,"[-23.890424, 29.700632, 7.0]",0
467,Mall of the North,54.130095073588656,13423.390473620686,"[-23.87369, 29.5092968, 7.0]",0
468,Elim Mall,39.11312801146104,13666.534198281748,"[-23.15664, 30.0574353, 7.0]",0
469,Tubatse Crossing Mall,28.487643750295746,13317.14686570831,"[-24.6604289, 30.3120045, 7.0]",0
470,"Sasekisa Mini Shopping Centre, Bungeni",47.28255870134183,13541.507594158802,"[-23.1845202, 30.1690334, 7.0]",0
471,Thulamahashe Plaza,27.697890458462453,13273.309736170793,"[-24.7259415, 31.2109163, 7.0]",0
472,shoprite usave,47.970047124223996,13251.94703394076,"[-24.3232714, 30.0139734, 7.0]",0
473,Savannah Mall,22.72719895256337,13345.429553890881,"[-23.9039221, 29.4879771, 7.0]",0
474,Mushavhi Shoping Centre,44.72201205148857,13807.173414871644,"[-22.9411262, 30.70895699999999, 7.0]",0
475,MVUSULUDZO MALL,36.110182739071,13346.705033198696,"[-22.9757158, 30.4592264, 7.0]",0
476,Bushbuckridge complex,31.60771705802376,13376.034403787266,"[-24.8351643, 31.0704464, 7.0]",0
477,Botlokwa Shopping Plaza,59.82372547258318,13139.43955689895,"[-23.4928402, 29.7247015, 7.0]",0
478,Tshidzini Shopping centre,39.076905944441556,13772.867279239477,"[-22.827901, 30.6904853, 7.0]",0
479,Venda Plaza,50.93901651426318,13444.688507214623,"[-22.9707461, 30.4560254, 7.0]",0
480,Side Step Limpopo Mall,26.30565833482095,13594.936467172498,"[-23.9043439, 29.449768, 7.0]",0
481,MUTSINDO MALL,33.001599755018205,13209.68319978135,"[-22.9759977, 30.4612758, 7.0]",0
482,Makhado Crossing Mall,42.03426976461241,13691.301787453851,"[-23.0455176, 29.9188191, 7.0]",0
483,Kopanong Shopping Centre (Atok,38.64820197950989,13321.17304562792,"[-24.3004699, 29.88973, 7.0]",0
484,SABINA PLAZA,54.16432950829548,13667.96265329979,"[-22.976198, 30.456599, 7.0]",0
485,Bopedi Shopping Centre,33.91095015030923,13532.057486510668,"[-24.4196667, 29.78939690000001, 7.0]",0
486,Morone Centre,40.65076180902403,13269.948566167015,"[-24.67315, 30.32983, 7.0]",0
487,Cycad Shopping Centre,45.130477692561236,13072.395585453958,"[-23.8931241, 29.4725448, 7.0]",0
488,Mutsindo Mall/Capricorn Plaza Centre,54.168688845254316,13480.380103184798,"[-22.96107, 30.46857, 7.0]",0
489,"St. David's Anglican Church, Modjadjiskloof",29.739094671038284,13583.90082100093,"[-23.656889, 30.176249, 7.0]",0
490,St. Peter's Anglican Church,46.121207495719695,13737.506849123627,"[-23.8307753, 30.1565717, 7.0]",0
491,Diocese of Tzaneen - Catholic Church,38.66317878200376,13223.943117422335,"[-23.8291499, 30.15639999999999, 7.0]",0
492,Harvest Time Church,38.390992171904585,13361.111320256325,"[-23.3005595, 30.69412610000001, 7.0]",0
493,Miracles Of God Church,33.06092233984263,13311.68438259412,"[-23.316898, 30.789945, 7.0]",0
494,Die Pastorie,59.40622423981915,13264.702176052584,"[-24.5184295, 30.8876907, 7.0]",0
495,Phalaborwa Catholic Church,59.5365162168603,13354.245647757181,"[-23.938406, 31.143784, 7.0]",0
496,NEW LIFE BAPTIST CHURCH,28.42458096551378,13373.996825788323,"[-23.9371205, 31.1395546, 7.0]",0
497,Hope of Christ Church,30.783616940828306,13352.148360101772,"[-23.8901927, 30.3107576, 7.0]",0
498,Hoedspruit Community Church,39.09634323166941,13593.545705515631,"[-24.353019, 30.947874, 7.0]",0
499,Giyani True Vine Church,46.50882320483818,13348.646175997474,"[-23.2889558, 30.71643430000001, 7.0]",0
500,Masakona Church of Christ,30.368970135272356,13449.935264704392,"[-23.2762057, 30.24326619999999, 7.0]",0
501,African Baptist Apostolic Church,31.06794908398896,13443.979096991567,"[-23.3495666, 30.1498401, 7.0]",0
502,Haenertsburg Christian Church,33.181824425106306,13386.002057886057,"[-23.942379, 29.939707, 7.0]",0
503,Lenyenye AFM Church (Apostolic Faith Mission),42.376578571247805,13388.592556638812,"[-23.97648199999999, 30.27090499999999, 7.0]",0
504,Shivulani Healing Ministry Church,56.831751529224945,13118.167148510232,"[-23.1464349, 30.7040596, 7.0]",0
505,AGS Church Hoedspruit,63.003130152835745,13332.200770839067,"[-24.3569659, 30.94604649999999, 7.0]",0
506,Kubjana A.F.M Church,34.92555054416885,13385.728097893074,"[-23.6954693, 30.2960641, 10.0]",-1
507,Joppie Worshippers Church,45.550971438425385,13430.250017052847,"[-23.7325334, 30.4087944, 7.0]",0
508,Church of the Nazarene,26.73268736036858,13207.550906980736,"[-23.8610941, 31.0919522, 7.0]",0
509,Alliance Church In Africa,31.54305483592166,13317.977674884696,"[-23.8956497, 30.2731031, 7.0]",0
510,Thomo Evangelism Miracle Church,40.94587837128352,13291.260477095726,"[-23.252036, 30.78994430000001, 7.0]",0
511,FNB Bank ATM Moria Zion City,39.41453734544457,13575.866003447758,"[-23.93857, 29.78922, 7.0]",0
512,NKOWANKOWA ZCC CHURCH,27.62581109497834,13254.454424541776,"[-23.8930669, 30.2794196, 7.0]",0
513,"St. Matthew's Anglican Church, Lenyenye",23.861946915771227,13746.282388151525,"[-23.974685, 30.262141, 7.0]",0
514,Masakona Reformed Church,36.35382906772461,13352.904320260852,"[-23.2809815, 30.2477345, 7.0]",0
515,Khaxane Assemblies of God Church,42.42893566531035,13375.459195462025,"[-23.6704281, 30.80500959999999, 7.0]",0
516,Full Gospel Church of God,38.70325746532116,13430.61017989764,"[-23.8922818, 30.31700530000001, 7.0]",0
517,Life Abundance Church,46.9938877796921,13556.536847513276,"[-22.8949546, 30.9094148, 7.0]",0
518,BIBLE REVIVAL CHURCH,48.52441435355628,13097.153384370149,"[-23.2070945, 30.7082438, 7.0]",0
519,Kingdom Word City Int'l Church,60.64639995797628,13547.61654433458,"[-23.948113, 31.137179, 7.0]",0
520,"Faith and Action, Apostolic church",41.757506997555275,13404.848871560405,"[-23.3280527, 30.7887733, 7.0]",0
521,God Harvest Church Main,48.38532075678632,13536.927915857574,"[-24.0817399, 30.3266339, 7.0]",0
522,Christian Fire Church Nkowankowa,44.165813590050085,13315.742485992801,"[-23.8936111, 30.296941, 7.0]",0
523,Unity of Faith Church,35.47344906910843,13123.886181465195,"[-23.2842007, 30.7033214, 7.0]",0
524,Unity Of faith Church,32.49062135345931,13465.09471873146,"[-23.3492896, 30.5309385, 10.0]",-1
525,EVANGELICAL REFORMED CHURCH,32.0134349092254,13300.5476245203,"[-23.7254737, 30.36814819999999, 7.0]",0
526,Apostolic Faith Church Of Portland Oregon. Phalaborwa,33.101785728526266,13307.114659369365,"[-23.942221, 31.025027, 7.0]",0
527,Together Christian Church,50.447160674812565,13741.816587112373,"[-23.7212015, 30.4229579, 7.0]",0
528,DINGAMANZI SAGC CHURCH,43.094680021988665,13382.370301661605,"[-23.3795586, 30.58022609999999, 7.0]",0
529,Mamatlepa Church of Christ,26.516667829061852,13366.956817448614,"[-23.4743107, 30.47742369999999, 7.0]",0
530,PPK Church Phalaborwa,30.08378212564476,13149.737936296107,"[-23.942371, 31.149339, 7.0]",0
531,Come Back Home Church,45.5540130696966,13477.261514894824,"[-24.1016723, 30.327578, 7.0]",0
532,Shekinah House,18.854191865692076,13482.261358246828,"[-23.8185414, 30.1696014, 7.0]",0
533,Universal Church,39.267710059836126,13409.913591119097,"[-23.9513392, 31.1298387, 7.0]",0
534,Gereformeerde Kerk - Hoedspruit,41.1552475591246,13459.337977712627,"[-24.3607636, 30.94208949999999, 7.0]",0
535,Shiloh Worship Centre,38.14180483839251,13334.39102101912,"[-23.8950631, 30.27869710000001, 7.0]",0
536,Church of Jesus Christ of Latter-day Saints,34.709764054423864,13687.551363055903,"[-23.6327638, 30.2110303, 7.0]",0
537,Church of Jesus Christ of Latter-day Saints,34.134786021778616,13262.105718374456,"[-23.8392832, 30.16039150000001, 7.0]",0
538,Church of Jesus Christ of Latter-day Saints,50.15829207031974,13170.644755760834,"[-23.9759233, 30.2713635, 7.0]",0
539,Mushiru Assemblies Of God Church,58.71473936459137,13378.056865677594,"[-22.7602711, 30.8462801, 7.0]",0
540,Bofu-la-mato Full Gospel Church,55.45131558630208,13648.107601488304,"[-23.1898783, 30.424454, 7.0]",0
541,Turfloop Evangelical Lutheran Church,49.35738310864433,13432.445000895412,"[-23.8852085, 29.7599761, 7.0]",0
542,St. John's Apostolic Faith Mission Church Limpopo Lowveld,48.691143299158135,13551.272595507218,"[-23.4678768, 30.3698329, 7.0]",0
543,Nazarene Church,30.25102258381218,13363.549298198648,"[-23.9972923, 30.2369902, 7.0]",0
544,Selwana Lutheran Church,31.001719876315327,13627.873391414621,"[-23.6964926, 30.9185509, 7.0]",0
545,Phalaborwa Methodist Church,40.206020066965806,13488.232163651117,"[-23.936366, 31.144909, 7.0]",0
546,Legacy Church,22.509164447648313,13107.564240614238,"[-23.8366133, 30.15430169999999, 7.0]",0
547,Uniting Reformed Church,47.77396593481185,13656.685971267065,"[-23.4343075, 30.5641505, 7.0]",0
548,Acornhoek Christian Fire Church,52.03294614366087,13489.970882268335,"[-24.5991592, 31.0677464, 7.0]",0
549,Tshikondeni Mine,32.27580585614674,13177.521438431777,"[-22.5151339, 30.9418988, 7.0]",0
550,Palabora Mining Company,38.23635845686414,13261.259791735887,"[-23.9687465, 31.1519799, 7.0]",0
551,Mining Co,33.54689323262889,13051.485314766438,"[-23.9888065, 31.09376259999999, 7.0]",0
552,Valic Mining Supplies,26.633991447665124,13394.860939089263,"[-23.9520533, 31.1303169, 7.0]",0
553,Palabora Mining Company Open Pit,45.910066400027624,13244.489419396878,"[-23.9931685, 31.12976989999999, 7.0]",0
554,Foskor (Pty) Ltd,41.73090773347696,13512.230619916509,"[-23.9688342, 31.1519348, 7.0]",0
555,Twickenham mine,25.800953504011872,13226.213010099653,"[-24.4880556, 30.5880556, 7.0]",0
556,Foskor Workplace,46.24045452993713,13218.359831365686,"[-23.9532602, 31.1434052, 7.0]",0
557,"Unifrutti South Africa, Blyderiver Farm",31.94839732366272,13357.97388542273,"[-24.366498, 30.73239, 7.0]",0
558,"Unifrutti South Africa, Blyderus Farm",64.29085375355888,13319.276401316283,"[-24.376174, 30.8212176, 7.0]",0
559,Ambrosia Citrus Estate,32.94723710420866,13416.486622040007,"[-24.3629575, 30.9118849, 7.0]",0
560,Wegraakbosch Organic Dairy,47.4762128202254,13262.809128610013,"[-23.8969797, 29.957784, 7.0]",0
561,Allesbeste,41.84028025052465,13433.228705739159,"[-23.80198459999999, 30.1215783, 7.0]",0
562,Westfalia Fruit Estates,31.449395300516027,13275.489509558092,"[-23.7372114, 30.1116795, 7.0]",0
563,Farm Bryntirion,37.49227090851764,13570.329168058875,"[-23.9032589, 30.1270578, 7.0]",0
564,ZZ2 Headquarters Mooketsi,41.07320612081048,13111.718409716364,"[-23.6031828, 30.1050367, 7.0]",0
565,Amarula Lapa,36.072700304541485,13148.594130431937,"[-23.962276, 31.08176499999999, 7.0]",0
566,THE WHEELBARROW FARMSTALL,43.61108580126299,13668.974868474354,"[-23.803575, 30.1060122, 7.0]",0
567,Hishtil South Africa (Mooketsi Nursery),45.075806142743026,13429.995347338427,"[-23.6518116, 30.06078239999999, 7.0]",0
568,Afrinest Farm Projects,47.48826163498631,13328.658431351385,"[-23.8260678, 30.27292, 7.0]",0
569,Mcezi Farming Enterprise,25.870257859754396,13316.950600813736,"[-23.5684336, 30.7166298, 7.0]",0
570,Rosy Adeniums South Africa,40.692190139142916,13587.866316961838,"[-23.927389, 31.151186, 7.0]",0
571,"Du Roi, Nursery",58.45512152165041,13382.321661746058,"[-23.8625103, 30.38367629999999, 7.0]",0
572,Ndou General Farming,48.9171333183739,13217.407532415265,"[-22.4425131, 30.6728484, 7.0]",0
573,Kuhestan,44.885774936759596,13420.361068226099,"[-23.8843052, 29.9980254, 7.0]",0
574,Redbank Farm,34.9016851720991,13677.782467164023,"[-23.9004096, 30.0737871, 7.0]",0
575,PimUju,44.84731123709501,13553.1699345469,"[-23.723322, 30.180902, 7.0]",0
576,Amorentia Estate & Nursery,39.679104758268124,13310.185477944287,"[-23.763351, 30.048809, 7.0]",0
577,El Rancho Farming And Projects,40.67525172795931,13331.262283977232,"[-23.4350717, 30.5824852, 7.0]",0
578,Nkuna Family Farm,34.776049545113004,13373.105536186473,"[-23.484, 30.864, 7.0]",0
579,Harmonie farm,26.386838903836246,13351.81760471562,"[-24.2456262, 30.7521698, 7.0]",0
580,Bluebird Farm,35.442348418076875,13458.911385608297,"[-23.36299529999999, 30.2455033, 7.0]",0
581,P & a Seedlings,29.44394598988119,13777.381964082208,"[-23.5184764, 30.18248929999999, 7.0]",0
582,Dzundeni Fruits & Veg,41.167983336044344,13425.116623440535,"[-23.21458239999999, 30.4548679, 10.0]",-1
583,Mashudu Poultry Farm,49.51808119958561,13466.03592177282,"[-22.7797331, 30.832521, 7.0]",0
584,ZZ2 Natuur Boerdery,39.14216070423202,13390.67542494538,"[-23.6408976, 30.04397029999999, 7.0]",0
585,Hetisani Forever Farming Poultry,31.582391616724287,13494.223111524723,"[-23.2371407, 30.1418731, 7.0]",0
586,AvoOwner,38.559530949764415,13719.060809772123,"[-23.4954645, 29.95642559999999, 7.0]",0
587,Ngwenya Farm,40.165672747813915,13096.310275324802,"[-23.2159366, 30.2000853, 7.0]",0
588,Dzunde la Manavhela,45.625306331604726,13126.514207675224,"[-23.1173513, 30.4281378, 7.0]",0
589,Shandukani Farm,31.691433532131118,13295.914165610888,"[-23.1096902, 30.4296416, 7.0]",0
590,Ha-Manavhela grazing zone for livestock farmers.,31.59063592172821,13282.863203264631,"[-23.111786, 30.4424286, 7.0]",0
591,Cottondale Game Breeders,39.28250613985947,13644.146823442106,"[-23.823791, 30.1571711, 7.0]",0
