43,234,269,266,111,383,272,279,242,232,114,419,2,331,25,4,411,262,475,164,257,282,543,548,40,13,233,222,588,580,160,193,129,457,549
156,294,459,469,167,68,322,575,392,61,496,183,290,537,237,149,555,363,445,223,209,55,356,278,179,75,8
557,584,151,481,403,176,54,415,113,29,577,33,513,313,134,208,347,358,93,249,376,132,163,486,90,100
236,72,589,511,361,493,353,500,104,94,366,444,10,62,218,315,86,39,449,489,567,42,423,264,112
436,143,245,326,255,186,434,408,443,91,139,107,36,534,329,194,503,559,488,155,397,317,468,478
324,334,590,501,354,170,88,53,126,382,367,401,240,377,532,41,476,455,79,550,191,59,522
220,159,318,416,578,479,450,344,413,321,571,410,131,325,470,303,494,440,80,339,374,146,310
553,379,280,22,110,554,346,188,7,418,404,391,109,63,525,447,12,428,23,73,252,319
34,502,298,458,398,574,568,576,11,307,229,277,487,551,512,265,357,150,484,200,97,289
406,260,372,285,190,138,454,514,215,119,536,84,127,136,429,295,246,538,20,467,165
439,281,256,288,116,464,535,9,70,287,461,400,6,405,523,432,140,375,495,198,384
115,521,66,520,297,1,201,147,427,211,231,510,239,552,180,27,130,351,370,148,187
16,337,582,389,320,517,173,349,558,145,485,244,312,336,227,425,335,213,96,529
32,206,26,338,154,37,560,591,87,422,253,465,235,378,327,141,24,166,545,561
556,441,271,225,212,316,192,341,505,528,426,586,448,118,452,388,438,399,460
14,473,562,531,49,207,133,168,171,31,306,412,498,340,451,270,301,364,226
157,463,203,394,330,175,38,169,228,174,424,539,103,18,47,309,142,273,71
219,462,477,178,546,328,105,343,230,184,196,57,83,251,564,360,431,30
308,542,199,390,50,45,123,286,519,583,579,162,482,185,268,506,371,284
261,124,323,581,386,65,333,483,368,67,433,5,417,480,28,421,144,172
259,161,95,243,407,456,437,393,446,121,181,569,299,530,409,69,342
435,304,17,524,158,3,241,58,101,197,247,355,238,292,205,293,466
499,565,82,283,221,291,254,348,491,85,544,21,369,490,373,263,74
585,108,99,563,527,89,573,106,177,442,296,15,64,395,202,471
396,250,216,217,387,78,587,52,76,258,359,267,572,362,44,224
570,300,547,430,248,453,492,120,102,153,314,98,516,305,56,117
541,566,35,332,77,137,275,276,122,48,350,204,381,526,472
81,474,302,46,19,51,515,60,420,214,189,128,345,182
152,195,533,274,125,509,414,518,497,504,135,540,385,507
402,210,92,352,508,380,365,311
