254,526,454,158,47,273,123,18,42,160,381,92,15,569,233,373,29,319,510,8,396,443,121,79,314,298,408,392,77,360,411
549,40,109,232,139,56,38,572,238,183,39,41,283,313,245,177,276,161,173,191,517,194,142,583,146,51,141
241,88,90,394,377,432,345,297,19,164,69,423,391,490,20,395,363,337,403,185,412,531,259,591,188,100,294
303,302,102,3,375,290,120,98,322,300,49,401,388,449,179,299,354,328,409,368,330,436,402,581,386,35
488,105,68,7,481,112,588,104,295,589,27,4,221,219,468,369,492,500,46,236,243,389,80,129
275,157,99,138,267,558,379,559,471,263,281,124,2,310,448,407,163,494,424,570,519,404
171,525,25,329,285,172,562,372,36,64,362,540,567,338,506,255,387,378,575,187,82
486,106,469,204,557,110,331,485,543,140,240,291,153,483,262,145,50,349,521,94
181,200,573,175,174,305,199,107,182,266,480,304,197,308,101,213,477,466,196
491,227,347,137,542,75,538,207,277,202,587,489,509,426,460,130,440,209,284
523,184,144,504,162,475,215,316,156,193,463,54,86,430,321,65,135,355,226
452,344,405,498,293,545,383,416,231,242,176,420,17,96,336,268,505,311
482,397,251,470,501,479,371,125,44,455,57,288,536,590,327,376,271,484
260,400,350,384,421,512,348,503,522,248,134,535,97,334,374,169,324,513
353,48,309,427,72,239,390,458,167,201,250,312,578,264,577,210,296,507
195,365,574,415,413,568,422,117,280,206,529,428,62,31,168,442,28
37,127,515,220,547,217,518,190,133,165,23,306,52,258,315,235
131,78,364,410,357,554,343,265,361,274,205,496,425,256,551,341
118,247,208,532,576,586,382,511,502,456,351,566,340,318,326,561
150,473,59,301,467,115,12,541,487,58,159,147,143,198,113
43,149,9,339,359,6,358,286,582,366,398,560,580,74,180
111,548,278,459,450,534,282,444,476,333,270,335,269,292,579
520,528,393,55,186,287,527,342,446,439,60,33,11,433,91
189,550,380,346,441,170,556,356,370,34,307,495,272,61
546,563,434,437,497,447,66,136,451,246,128,514,252,524
261,465,224,222,499,87,218,85,21,493,464,544,461,431
16,24,93,30,457,228,212,516,83,1,116,119,151
257,399,533,253,445,320,237,530,279,565,89,462,70
216,103,539,53,317,10,22,230,203,417,474,114
108,234,414,453,155,5,244,192,26,71,564,585
152,84,45,73,67,352,95,81,418,332,166,126
13,584,223,438,249,76,154,225,367,32,385
472,555,178,571,63,537,122,229,214
553,552,323,435,419,14,325,132,508
429,406,478,211
289,148
