48,362,368,69,161,405,183,37,207,570,378,247,525,263,330,100,532,209,253,537,190,374,66,193,380,494,139,31,156,336
469,560,302,102,308,563,402,535,511,398,331,249,337,543,538,426,278,270,63,145,159,116,269,154,176,168,428,335,16,400
59,473,44,174,409,329,147,367,178,489,412,352,375,432,312,126,182,358,101,260,328,451,332,566,152,348
203,256,589,588,533,215,357,321,132,298,103,232,435,258,5,211,399,528,15,465,507,370,55,158,204
377,17,323,476,379,287,272,262,346,8,558,381,508,281,18,410,472,45,407,292,578,452,140
219,406,478,121,7,261,239,549,235,192,233,577,587,173,149,303,171,306,542,286,586,304
490,49,109,151,35,47,355,214,524,464,300,491,423,376,584,96,6,73,293,544,197
51,177,443,216,493,430,254,72,4,61,222,514,224,146,86,585,590,470,33,433,499
391,325,534,166,556,279,579,441,503,548,495,498,136,450,164,454,2,240,160,448
388,198,575,43,576,179,200,326,456,564,436,301,371,3,339,345,512,309,462,385
553,552,425,496,71,267,218,90,341,440,555,360,93,234,111,427,273,80,237
387,283,485,53,455,150,582,276,115,213,422,394,359,401,334,191,180,338,20
26,206,212,518,125,266,482,315,264,408,551,404,95,250,242,225,119,561
175,340,29,113,81,395,460,172,350,580,251,259,347,513,415,574,372,155
333,519,356,97,231,530,205,311,99,268,319,1,526,275,554,110,471,364
245,389,22,144,56,41,317,474,60,112,504,238,123,488,313,114,27,127
104,502,75,255,12,107,466,98,562,196,296,25,77,217,506,531,244
282,445,565,257,94,545,188,170,411,424,226,189,30,202,320,91,521
65,479,280,324,442,314,153,9,19,208,24,439,134,133,285,236,523
461,82,316,294,434,141,351,201,429,516,228,277,567,342,120,187
289,322,137,246,487,117,397,297,468,366,421,467,546,382,591,64
162,11,475,414,39,392,500,393,390,40,10,68,288,581,167,23
291,343,185,84,568,220,457,365,573,354,349,559,229,386,195
21,520,271,583,569,547,529,142,227,307,458,446,87,131,515
419,34,396,361,265,459,384,557,243,353,230,248,437,62,522
290,536,449,477,181,106,501,418,413,541,118,169,88,284,122
108,492,85,540,165,510,484,46,105,369,184,453,70,295
50,550,420,138,157,163,78,416,383,83,344,36,130
199,480,52,135,305,148,221,57,128,483,447,223,28
539,481,38,79,32,431,129,54,194,92,463,74
274,124,373,444,89,310,505,14
363,318,527,241,327,76,509,438,58,252,13,186
210,143,417,497,299,67,517,42,571,572
486,403
